element,mean_log,sd_log,mean_open,sd_open,t_statistic,conf_low,conf_high,p_value
N,5.071428571428571,1.3363062095621219,3.5,0.6454972243679028,2.801543975854858,0.29480819825590937,2.8480489446012327,0.021440752951770115
P,3.7142857142857144,0.4879500364742666,3.857142857142857,1.5735915849388864,-0.22941573387056166,-1.6093424118184698,1.3236281261041845,0.8249765386643984
K,158,33.75401210720487,160.14285714285714,55.52305398489463,-0.08725207765424389,-56.93810096561973,52.652386679905455,0.9322103828715356
C,1.2957142857142858,0.29483651644355624,0.8585714285714285,0.24155251819763554,3.034416456359944,0.12190689710195603,0.7523788171837585,0.01079295159093903
pH,5,0.270801280154532,4.985714285714286,0.4059087394500206,0.07745966692414809,-0.39421902889835947,0.42279045746978794,0.9397199155038837
CEC,3.0557142857142856,0.6624916890763523,2.3914285714285715,1.4343224715456955,1.112413663825991,-0.7001369067458094,2.0287083353172375,0.29660924738316435
